[
  {
    "orderId": "nDrBxcHr",
    "userId": "Ua9J25nO",
    "items": [
      {
        "itemId": "home",
        "name": "Salmon Salad",
        "price": 7,
        "quantity": 2
      }
    ],
    "total": 14,
    "timestamp": "2025-08-17T03:13:09.462Z",
    "status": "pending",
    "clientName": "abcd",
    "clientContact": "01231456785",
    "clientEmail": "aaaaaaaaaaa@asd.as",
    "clientAddress": "aaaaaaaaaartyertyerty",
    "clientBuilding": "aaaaaaaaaaa",
    "clientFloor": "aaaaaa",
    "paymentImage": "/uploads/1755400409749-763291051-download.png",
    "updatedAt": "2025-08-17T03:13:29.750Z"
  }
]